{
  "description": "项目私有配置文件。此文件中的内容将覆盖 project.config.json 中的相同字段。项目的改动优先同步到此文件中。详见文档：https://developers.weixin.qq.com/miniprogram/dev/devtools/projectconfig.html",
  "projectname": "ShiFang",
  "setting": {
    "compileHotReLoad": true,
    "urlCheck": false,
    "bigPackageSizeSupport": true
  },
  "libVersion": "3.6.4",
  "condition": {
    "miniprogram": {
      "list": [
        {
          "name": "pages/zcnext/zcnext",
          "pathName": "pages/zcnext/zcnext",
          "query": "",
          "launchMode": "default",
          "scene": null
        }
      ]
    }
  }
}